category,Index
家常美味,1
烘焙專區,2
泡菜,3
麻油,4
烤物,5
炸物,6
焗烤,7
涼拌,8
沙拉,9
滷肉,10
常備漬物,11
麻辣,12
滷味,13
咖哩,14
壽司手捲,15
肉丸子,16
熱炒,17
火鍋,18
煎餅,19
常備菜,20
湯,21
古早味湯品,22
雞湯,23
濃湯,24
羅宋湯,25
排骨湯,26
羹湯,27
麵食,28
涼麵,29
餃子,30
餛飩抄手,31
米食,32
粥,33
燉飯,34
蓋飯,35
飯糰,36
炊飯,37
米粉,38
油飯,39
炒飯,40
蒸蛋,41
全素,42
奶蛋素,43
五辛素,44
鬆餅,45
奶酪,46
布丁,47
優格,48
果凍、茶凍,49
巧克力,50
日式點心,51
餅乾,52
泡芙,53
蛋糕,54
乳酪蛋糕,55
戚風蛋糕,56
杯子蛋糕,57
巧克力蛋糕,58
蛋糕捲,59
雞蛋糕,60
磅蛋糕,61
提拉米蘇,62
手作麵包,63
吐司,64
貝果,65
台式麵包,66
甜甜圈,67
歐式麵包,68
造型點心,69
派塔,70
鹹派,71
刈包,72
甜湯,73
麻糬,74
北方餅,75
蘿蔔糕,76
蘿蔔糕料理,77
自製蘿蔔糕,78
饅頭,79
包子,80
當季食材,81
透抽,82
青江菜,83
菱角,84
菠菜,85
芋頭,86
南瓜,87
茄子,88
山藥,89
薑,90
茼蒿,91
白菜,92
花椰菜,93
芥菜,94
高麗菜,95
栗子,96
草莓,97
瓜果,98
青椒,99
冬瓜,100
櫛瓜,101
蒲瓜,102
小黃瓜,103
大黃瓜,104
苦瓜,105
絲瓜,106
番茄,107
秋葵,108
根莖,109
茭白筍,110
蓮藕,111
A菜心...,112
紅蔥頭,113
蒜頭,114
大頭菜,115
蘆筍,116
蘿蔔,117
桂竹筍,118
綠竹筍,119
竹筍,120
馬鈴薯,121
地瓜,122
洋蔥,123
葉菜,124
莧菜,125
空心菜,126
芹菜,127
抱子芥菜,128
油菜花,129
小白菜,130
韭菜,131
水蓮,132
皇宮菜,133
豆類蔬菜,134
皇帝豆,135
長豆,136
四季豆,137
菌藻、菇類,138
菇類,139
杏鮑菇,140
金針菇,141
海藻類,142
木耳,143
五穀雜糧,144
蓮子,145
玉米筍,146
藜麥,147
玉米,148
紅豆,149
水果,150
酪梨,151
紅肉李,152
荔枝,153
芒果,154
蘋果,155
香蕉,156
蛋,157
豆製品,158
豆皮,159
豆干,160
豆腐,161
海鮮,162
蟹類,163
鮑魚,164
干貝,165
烏魚子,166
鯧魚,167
烏魚,168
魚類,169
鮮蝦,170
貝類,171
軟體海鮮,172
豬肉,173
豬內臟,174
絞肉,175
五花肉,176
豬肉片,177
雞肉,178
雞腿肉,179
雞胸肉,180
牛肉,181
牛排,182
羊肉,183
鴨肉,184
越式,185
韓式,186
日式,187
泰式,188
西班牙,189
美式,190
法式,191
港式,192
義式,193
義大利麵,194
披薩,195
台灣小吃,196
客家,197
眷村菜,198
冰,199
冰沙,200
冰淇淋,201
飲料,202
茶飲,203
果汁,204
配料,205
親子,206
可愛便當,207
寶寶副食品,208
清冰箱,209
烏魚子料理,210
剩的白切雞,211
水餃皮料理,212
潤餅皮料理,213
涼夏甜點,214
在家輕鬆煮,215
懶惰快餐,216
都丟給電鍋,217
罐頭好好用,218
耍廢常備菜,219
快煮鍋,220
食材保存術,221
居家下酒菜,222
在家迺夜市,223
便當,224
早餐,225
早午餐,226
下午茶,227
宵夜,228
露營,229
野餐,230
派對,231
簡單快速,232
省錢,233
果醬抹醬,234
餡料,235
醬料,236
電烤盤,237
飛利浦萬用鍋,238
烤箱,239
電鍋,240
微波爐,241
氣炸鍋,242
悶燒杯,243
麵包機,244
鑄鐵鍋,245
小米家電,246
小米電子鍋,247
小米電磁爐,248
健身,249
低卡瘦身,250
居家防疫,251
慢性病,252
美容,253
養顏美容,254
滋補養身,255
清明節,256
潤餅,257
草仔粿,258
紅龜粿,259
自製潤餅皮,260
中元普渡,261
父親節,262
七夕,263
立冬,264
母親節,265
端午節,266
湖州粽...,267
北部粽,268
南部粽,269
鹼粽、甜粽,270
客家粽,271
萬聖節,272
?聖誕節,273
湯圓/元宵,274
造型湯圓,275
甜湯圓,276
鹹湯圓,277
情人節,278
情人節甜點,279
情人節大餐,280
?過年年菜,281
甜年糕,282
日本年菜,283
韓國年菜,284
肉類海鮮年菜,285
年節甜點,286
年節湯品,287
素食年菜,288
中秋節,289
烤肉,290
月餅 ,291
寵物鮮食,292
